{"kind":"identitytoolkit#DownloadAccountResponse","users":[{"localId":"Bc7vvCXiJlKutnd9OA3CJP7s8QlD","createdAt":"1675161316470","lastLoginAt":"1675174086858","displayName":"JAC Staff","customAttributes":"{\"r\":\"Setd3lvKRDYKKnbT2hIG\",\"rp\":[\"e1\",\"e2\",\"e3\",\"e6\",\"e8\",\"c1\",\"c3\",\"nt1\",\"nt2\",\"nt3\",\"nt4\",\"p1\",\"p2\",\"p3\",\"p4\",\"m1\",\"m2\",\"m3\",\"m4\",\"s1\",\"a1\",\"a2\",\"a3\",\"a4\",\"a5\",\"ar1\",\"ar2\",\"ar3\",\"ar4\",\"l1\",\"l2\",\"l3\",\"l4\",\"as1\",\"as2\",\"as3\",\"as4\",\"qt1\",\"qt2\",\"qt3\",\"qt4\",\"qtr1\",\"qtr2\",\"qtr3\",\"qtr4\",\"qtrp1\",\"qtrp2\",\"qtrp3\",\"qtrp4\",\"i1\",\"i2\",\"i3\",\"i4\",\"msg1\",\"msg2\",\"msg3\",\"msg4\"]}","providerUserInfo":[{"providerId":"microsoft.com","rawId":"4345557950425916810794451722780205520474","federatedId":"4345557950425916810794451722780205520474","displayName":"JAC Staff","email":"jacstaff@judicialappointments.gov.uk"}],"validSince":"1675174068","email":"jacstaff@judicialappointments.gov.uk","emailVerified":true,"disabled":false,"lastRefreshAt":"2023-01-31T14:08:06.858Z"},{"localId":"XCOukpDpqlMmbGkeeCb1UIBmj9bj","createdAt":"1675166119685","lastLoginAt":"1675166119685","passwordHash":"fakeHash:salt=fakeSaltVKeDRRYWNFpqU2ChxSiI:password=candidate1@Test","salt":"fakeSaltVKeDRRYWNFpqU2ChxSiI","passwordUpdatedAt":1675174068893,"providerUserInfo":[{"providerId":"password","email":"candidate1@test.test","federatedId":"candidate1@test.test","rawId":"candidate1@test.test"}],"validSince":"1675174068","email":"candidate1@test.test","emailVerified":false,"disabled":false},{"localId":"f8t95wCLru0ETR1Wdd4TM3YAGdP9","createdAt":"1669212860543","lastLoginAt":"1669798616371","passwordHash":"fakeHash:salt=fakeSaltkdIOzxjNVi5nkRzHy8vm:password=PreciseMinds1234!","salt":"fakeSaltkdIOzxjNVi5nkRzHy8vm","passwordUpdatedAt":1675174068894,"providerUserInfo":[{"providerId":"password","email":"tester+1@test.com","federatedId":"tester+1@test.com","rawId":"tester+1@test.com"}],"validSince":"1675174068","email":"tester+1@test.com","emailVerified":false,"disabled":false},{"localId":"lbnA6nBSFcYmDyyW78PTWYAJZzlh","createdAt":"1669135284458","lastLoginAt":"1675165845095","displayName":"digital team","photoUrl":"","customAttributes":"{\"r\":\"3EKL7LQSTBfJ3mnGCmUr\",\"rp\":[\"u1\",\"u2\",\"u3\",\"u4\",\"u5\",\"u6\",\"e1\",\"e2\",\"e3\",\"e4\",\"e5\",\"e6\",\"e7\",\"e8\",\"e9\",\"c1\",\"c2\",\"c3\",\"c4\",\"n1\",\"n2\",\"n3\",\"n4\",\"nt1\",\"nt2\",\"nt3\",\"nt4\",\"p1\",\"p2\",\"p3\",\"p4\",\"m1\",\"m2\",\"m3\",\"m4\",\"s1\",\"s2\",\"s3\",\"s4\",\"a1\",\"a2\",\"a3\",\"a4\",\"ar1\",\"ar2\",\"ar3\",\"ar4\",\"l1\",\"l2\",\"l3\",\"l4\",\"as1\",\"as2\",\"as3\",\"as4\",\"qt1\",\"qt2\",\"qt3\",\"qt4\",\"qtr1\",\"qtr2\",\"qtr3\",\"qtr4\",\"qtrp1\",\"qtrp2\",\"qtrp3\",\"qtrp4\",\"i1\",\"i2\",\"i3\",\"i4\"]}","providerUserInfo":[{"providerId":"google.com","rawId":"0772021723855435570365916960638633779950","federatedId":"0772021723855435570365916960638633779950","displayName":"digital team","email":"digitalteam@judicialappointments.digital"}],"validSince":"1675174068","email":"digitalteam@judicialappointments.digital","emailVerified":true,"disabled":false},{"localId":"srwWmviFBJZDDFoM63AVz1ZfNdKC","createdAt":"1675166341034","lastLoginAt":"1675166754698","passwordHash":"fakeHash:salt=fakeSaltij6G0BXEF3HhxHjNttGu:password=candidate2@Test","salt":"fakeSaltij6G0BXEF3HhxHjNttGu","passwordUpdatedAt":1675174068894,"providerUserInfo":[{"providerId":"password","email":"candidate2@test.test","federatedId":"candidate2@test.test","rawId":"candidate2@test.test"}],"validSince":"1675174068","email":"candidate2@test.test","emailVerified":false,"disabled":false},{"localId":"yvdgzEbbkBa8muqJvpzmKdnVXtRQ","createdAt":"1675166595415","lastLoginAt":"1675166595415","passwordHash":"fakeHash:salt=fakeSaltrPtyhXCbpSGNkh0LexqD:password=candidate3@Test","salt":"fakeSaltrPtyhXCbpSGNkh0LexqD","passwordUpdatedAt":1675174068894,"providerUserInfo":[{"providerId":"password","email":"candidate3@test.test","federatedId":"candidate3@test.test","rawId":"candidate3@test.test"}],"validSince":"1675174068","email":"candidate3@test.test","emailVerified":false,"disabled":false}]}