{
  "name": "exercise/1qef6rsaSLvvsZHrJuw7/independent-assessors-20221123124056.docx",
  "bucket": "digital-platform-develop.appspot.com",
  "metageneration": 1,
  "generation": 1669207259080,
  "contentType": "application/vnd.openxmlformats-officedocument.wordprocessingml.document",
  "storageClass": "STANDARD",
  "contentDisposition": "inline",
  "contentEncoding": "identity",
  "downloadTokens": [
    "091406a4-b855-461e-b44c-cf0e008c5caf"
  ],
  "etag": "someETag",
  "timeCreated": "2022-11-23T12:40:59.079Z",
  "updated": "2022-11-23T12:40:59.079Z",
  "size": 23,
  "md5Hash": "2VArUt2dmxjwpV1z6kziWw==",
  "crc32c": "1246631485"
}