{
  "name": "exercise/1qef6rsaSLvvsZHrJuw7/job-descriptions-20221123123952.doc",
  "bucket": "digital-platform-develop.appspot.com",
  "metageneration": 1,
  "generation": 1669207198943,
  "contentType": "application/msword",
  "storageClass": "STANDARD",
  "contentDisposition": "inline",
  "contentEncoding": "identity",
  "downloadTokens": [
    "3817ab0d-eeb7-4625-8438-4ac2f3a2aa2c"
  ],
  "etag": "someETag",
  "timeCreated": "2022-11-23T12:39:58.942Z",
  "updated": "2022-11-23T12:39:58.942Z",
  "size": 23,
  "md5Hash": "2VArUt2dmxjwpV1z6kziWw==",
  "crc32c": "1246631485"
}