{
  "name": "exercise/1qef6rsaSLvvsZHrJuw7/terms-and-conditions-2023120101557.pdf",
  "bucket": "digital-platform-develop.appspot.com",
  "metageneration": 1,
  "generation": 1674209761811,
  "contentType": "application/pdf",
  "storageClass": "STANDARD",
  "contentDisposition": "inline",
  "downloadTokens": [
    "da0360a2-5999-4391-a12b-1bcfb4de2444"
  ],
  "etag": "349CrdeeF1aCg+0k4QZEeqRKzaA",
  "customMetadata": {},
  "timeCreated": "2023-01-20T10:16:01.811Z",
  "updated": "2023-01-20T10:16:01.811Z",
  "size": 10496,
  "md5Hash": "7yKPe6h16kcTKHTycxYwkQ==",
  "crc32c": "2179251557"
}