{
  "name": "exercise/1qef6rsaSLvvsZHrJuw7/independent-assessors-202312010167.docx",
  "bucket": "digital-platform-develop.appspot.com",
  "metageneration": 1,
  "generation": 1674209774499,
  "contentType": "application/vnd.openxmlformats-officedocument.wordprocessingml.document",
  "storageClass": "STANDARD",
  "contentDisposition": "inline",
  "downloadTokens": [
    "9b622024-80e1-4481-93fd-360f9af78ed6"
  ],
  "etag": "w6LAm1KW5pyaYmlrKERd+DQoioE",
  "customMetadata": {},
  "timeCreated": "2023-01-20T10:16:14.499Z",
  "updated": "2023-01-20T10:16:14.499Z",
  "size": 23,
  "md5Hash": "2VArUt2dmxjwpV1z6kziWw==",
  "crc32c": "1246631485"
}