{
  "name": "exercise/1qef6rsaSLvvsZHrJuw7/job-descriptions-20221123142642.doc",
  "bucket": "digital-platform-develop.appspot.com",
  "metageneration": 1,
  "generation": 1669213608333,
  "contentType": "application/msword",
  "storageClass": "STANDARD",
  "contentDisposition": "inline",
  "contentEncoding": "identity",
  "downloadTokens": [
    "01a7fff9-62b4-42bb-995e-12fdf30e22ab"
  ],
  "etag": "someETag",
  "timeCreated": "2022-11-23T14:26:48.332Z",
  "updated": "2022-11-23T14:26:48.332Z",
  "size": 23,
  "md5Hash": "2VArUt2dmxjwpV1z6kziWw==",
  "crc32c": "1246631485"
}