{
  "name": "exercise/1qef6rsaSLvvsZHrJuw7/job-descriptions-202212142159.pdf",
  "bucket": "default-bucket",
  "metageneration": 1,
  "generation": 1671051913829,
  "contentType": "application/pdf",
  "storageClass": "STANDARD",
  "contentDisposition": "inline",
  "contentEncoding": "identity",
  "downloadTokens": [
    "2d5694e4-d5d6-413d-b21d-c7f5a4a014c5"
  ],
  "etag": "someETag",
  "timeCreated": "2022-12-14T21:05:13.828Z",
  "updated": "2022-12-14T21:05:13.830Z",
  "size": 10496,
  "md5Hash": "7yKPe6h16kcTKHTycxYwkQ==",
  "crc32c": "2179251557"
}