{
  "name": "exercise/1qef6rsaSLvvsZHrJuw7/terms-and-conditions-20221123124043.docx",
  "bucket": "digital-platform-develop.appspot.com",
  "metageneration": 1,
  "generation": 1669207245674,
  "contentType": "application/vnd.openxmlformats-officedocument.wordprocessingml.document",
  "storageClass": "STANDARD",
  "contentDisposition": "inline",
  "contentEncoding": "identity",
  "downloadTokens": [
    "2424889d-abc6-46ed-bdaf-96e98b67231e"
  ],
  "etag": "someETag",
  "timeCreated": "2022-11-23T12:40:45.673Z",
  "updated": "2022-11-23T12:40:45.673Z",
  "size": 23,
  "md5Hash": "2VArUt2dmxjwpV1z6kziWw==",
  "crc32c": "1246631485"
}