{
  "name": "exercise/1qef6rsaSLvvsZHrJuw7/competency-framework-20221123142753.doc",
  "bucket": "digital-platform-develop.appspot.com",
  "metageneration": 1,
  "generation": 1669213676397,
  "contentType": "application/msword",
  "storageClass": "STANDARD",
  "contentDisposition": "inline",
  "contentEncoding": "identity",
  "downloadTokens": [
    "341a35c9-f8c1-467a-a9fd-38686288784a"
  ],
  "etag": "someETag",
  "timeCreated": "2022-11-23T14:27:56.396Z",
  "updated": "2022-11-23T14:27:56.396Z",
  "size": 23,
  "md5Hash": "2VArUt2dmxjwpV1z6kziWw==",
  "crc32c": "1246631485"
}