{
  "name": "exercise/1qef6rsaSLvvsZHrJuw7/job-descriptions-2023120101545.pdf",
  "bucket": "digital-platform-develop.appspot.com",
  "metageneration": 1,
  "generation": 1674209753096,
  "contentType": "application/pdf",
  "storageClass": "STANDARD",
  "contentDisposition": "inline",
  "downloadTokens": [
    "bb1f42e3-250c-4982-96d5-0cd008cf2344"
  ],
  "etag": "uWX37Np68gXL3NWRNVoAQd6bb7M",
  "customMetadata": {},
  "timeCreated": "2023-01-20T10:15:53.096Z",
  "updated": "2023-01-20T10:15:53.096Z",
  "size": 10496,
  "md5Hash": "7yKPe6h16kcTKHTycxYwkQ==",
  "crc32c": "2179251557"
}