{
  "name": "exercise/1qef6rsaSLvvsZHrJuw7/job-descriptions-20221123143136.docx",
  "bucket": "default-bucket",
  "metageneration": 1,
  "generation": 1669213900745,
  "contentType": "application/vnd.openxmlformats-officedocument.wordprocessingml.document",
  "storageClass": "STANDARD",
  "contentDisposition": "inline",
  "contentEncoding": "identity",
  "downloadTokens": [
    "531ceefd-60d3-4bd1-afba-19e98330f1a3"
  ],
  "etag": "someETag",
  "timeCreated": "2022-11-23T14:31:40.744Z",
  "updated": "2022-11-23T14:31:40.744Z",
  "size": 23,
  "md5Hash": "2VArUt2dmxjwpV1z6kziWw==",
  "crc32c": "1246631485"
}